{
    "0": {
        "0": 0,
        "1": 0,
        "2": 0,
        "3": 0,
        "4": 0,
        "5": 0,
        "6": 0,
        "7": 0,
        "8": 0,
        "9": 0,
        "10": 0,
        "11": 0,
        "12": 0,
        "13": 0,
        "14": 0,
        "15": 0
    },
    "1": {
        "0": 1,
        "1": 0.4583333333333333,
        "2": 0.12731481481481483,
        "3": 0.023871527777777776,
        "4": 0.00318287037037037,
        "5": 0.0003094457304526749,
        "6": 0.00002210326646090535,
        "7": 0.0000011512117948388202,
        "8": 4.2637473882919273e-8,
        "9": 1.0659368470729817e-9,
        "10": 1.615055828898457e-11,
        "11": 1.1215665478461509e-13,
        "12": 0,
        "13": 0,
        "14": 0,
        "15": 0
    },
    "2": {
        "0": 1,
        "1": 0.8344907407407407,
        "2": 0.4721257716049383,
        "3": 0.18765673225308643,
        "4": 0.055862322102194786,
        "5": 0.013080221907864654,
        "6": 0.0024914525663901747,
        "7": 0.0003946950957341837,
        "8": 0.000052746108315994716,
        "9": 0.000005997970111525657,
        "10": 5.832307554382874e-7,
        "11": 4.8603899486660133e-8,
        "12": 3.4717157849787727e-9,
        "13": 2.1216040908203612e-10,
        "14": 1.1050021306356047e-11,
        "15": 4.875009399862962e-13
    },
    "3": {
        "0": 1,
        "1": 0.9655189043209876,
        "2": 0.7758728780864198,
        "3": 0.47701059349279834,
        "4": 0.22571364526177412,
        "5": 0.08486262633840116,
        "6": 0.026156687454280226,
        "7": 0.006777766726015343,
        "8": 0.0015051708596020828,
        "9": 0.00029066392522606875,
        "10": 0.00004934653157921675,
        "11": 0.000007425974977585609,
        "12": 9.966490983129714e-7,
        "13": 1.198316546925607e-7,
        "14": 1.2948653300580899e-8,
        "15": 1.260168263156132e-9
    },
    "4": {
        "0": 1,
        "1": 0.9948278356481481,
        "2": 0.9289306305727023,
        "3": 0.7404579193994342,
        "4": 0.47996184005004716,
        "5": 0.2526040554216212,
        "6": 0.10981621165915863,
        "7": 0.04025023225284507,
        "8": 0.012670455653076146,
        "9": 0.003479035467525205,
        "10": 0.0008437828749325299,
        "11": 0.0001826042699262288,
        "12": 0.00003555036908786536,
        "13": 0.000006267370327530672,
        "14": 0.000001005853041946353,
        "15": 1.475845435360471e-7
    },
    "5": {
        "0": 1,
        "1": 0.9994253150720165,
        "2": 0.9823124749942844,
        "3": 0.8978018636402606,
        "4": 0.7159156359375198,
        "5": 0.48200703033854003,
        "6": 0.2728933529190921,
        "7": 0.1311898931471544,
        "8": 0.054298456094674194,
        "9": 0.01961760043417259,
        "10": 0.006263696287478643,
        "11": 0.0017862042070885353,
        "12": 0.0004590025584871103,
        "13": 0.00010708387413505814,
        "14": 0.000022822941995558897,
        "15": 0.000004467160321914481
    },
    "6": {
        "0": 1,
        "1": 0.9999521095893347,
        "2": 0.9964225198088432,
        "3": 0.9670695503667828,
        "4": 0.8718776545251411,
        "5": 0.6976162566756011,
        "6": 0.48353197861036656,
        "7": 0.2888993615597957,
        "8": 0.14962016223425764,
        "9": 0.06781589694890804,
        "10": 0.027183201512525682,
        "11": 0.009731580231195927,
        "12": 0.0031391742639905974,
        "13": 0.0009194868097482763,
        "14": 0.0002461873671635093,
        "15": 0.000060598777081612075
    },
    "7": {
        "0": 1,
        "1": 0.9999970068493335,
        "2": 0.9993979332862889,
        "3": 0.9910926815456039,
        "4": 0.9513406933134247,
        "5": 0.8501239363334692,
        "6": 0.6832959788615514,
        "7": 0.4847253350948707,
        "8": 0.3019418396118361,
        "9": 0.16566230152703226,
        "10": 0.08060269429711198,
        "11": 0.03505689915987407,
        "12": 0.013738908912733164,
        "13": 0.004887624438675489,
        "14": 0.0015889119062807077,
        "15": 0.0004748069827878902
    },
    "8": {
        "0": 1,
        "1": 0.9999998614282098,
        "2": 0.9999143741813553,
        "3": 0.9979371507314504,
        "4": 0.9841472624315659,
        "5": 0.9360901142737658,
        "6": 0.8316307147796123,
        "7": 0.671695156231957,
        "8": 0.4856920703140036,
        "9": 0.31283417649675466,
        "10": 0.1797597350011764,
        "11": 0.092598852488738,
        "12": 0.04302756339223352,
        "13": 0.01815207135385989,
        "14": 0.006995927201287464,
        "15": 0.0024774194683505986
    },
    "9": {
        "0": 1,
        "1": 0.9999999953809403,
        "2": 0.9999896069057838,
        "3": 0.9995847712609918,
        "4": 0.9954996956229691,
        "5": 0.9762325535893571,
        "6": 0.9216963767324574,
        "7": 0.8157011804442766,
        "8": 0.6620497192733887,
        "9": 0.4864958567272176,
        "10": 0.32210833094886254,
        "11": 0.1922591698986064,
        "12": 0.10381192849755846,
        "13": 0.05095537348059175,
        "14": 0.022856880540458462,
        "15": 0.00941914015433525
    },
    "10": {
        "0": 1,
        "1": 0.9999999998950214,
        "2": 0.9999989169471502,
        "3": 0.999926521729056,
        "4": 0.998872420692019,
        "5": 0.992195468618672,
        "6": 0.9678158513568426,
        "7": 0.9082741262958984,
        "8": 0.8018145730994358,
        "9": 0.6538657998989162,
        "10": 0.4871778500084237,
        "11": 0.3301286911405715,
        "12": 0.20343163469023806,
        "13": 0.11428075087119109,
        "14": 0.0587499207928221,
        "15": 0.027759932608695505
    },
    "11": {
        "0": 1,
        "1": 0.9999999999985419,
        "2": 0.999999902793659,
        "3": 0.9999884699145859,
        "4": 0.9997480413309472,
        "5": 0.9977128176580426,
        "6": 0.9881937515045901,
        "7": 0.9592100636899842,
        "8": 0.8958203309536652,
        "9": 0.7895801082761829,
        "10": 0.6468081456690447,
        "11": 0.48776598786091296,
        "12": 0.33715430723512324,
        "13": 0.2134905548126703,
        "14": 0.12405703658023191,
        "15": 0.06635451872816
    },
    "12": {
        "0": 1,
        "1": 0.9999999999999907,
        "2": 0.99999999247796,
        "3": 0.9999983851464903,
        "4": 0.9999493671795441,
        "5": 0.9993963664926269,
        "6": 0.9961001635090242,
        "7": 0.9836646691981921,
        "8": 0.9506171431338557,
        "9": 0.8842817120830697,
        "10": 0.7787008317077918,
        "11": 0.6406401244674846,
        "12": 0.48827998962770963,
        "13": 0.34337504154236703,
        "14": 0.2226056859420541,
        "15": 0.13319608056379645
    },
    "13": {
        "0": 1,
        "1": 1,
        "2": 0.9999999994985299,
        "3": 0.999999797156043,
        "4": 0.9999907870025782,
        "5": 0.9998554336624429,
        "6": 0.9988309625297157,
        "7": 0.9940648862744538,
        "8": 0.9787568911739162,
        "9": 0.9421638915467854,
        "10": 0.8735862886090568,
        "11": 0.7689477288669813,
        "12": 0.6351893152497421,
        "13": 0.4887342237291882,
        "14": 0.34893363535989724,
        "15": 0.2309135048836273
    },
    "14": {
        "0": 1,
        "1": 1,
        "2": 0.9999999999712699,
        "3": 0.9999999770677697,
        "4": 0.9999984737771166,
        "5": 0.9999683805870668,
        "6": 0.9996798236831018,
        "7": 0.9980304674169046,
        "8": 0.9916555279011487,
        "9": 0.9735922110110631,
        "10": 0.9339273323836567,
        "11": 0.8636581394867408,
        "12": 0.7601415489721869,
        "13": 0.6303267169149882,
        "14": 0.48913944025708433,
        "15": 0.3539397455890137
    },
    "15": {
        "0": 1,
        "1": 1,
        "2": 0.9999999999985917,
        "3": 0.9999999976608946,