{
    "0": {
        "0": 0,
        "1": 0,
        "2": 0,
        "3": 0,
        "4": 0,
        "5": 0,
        "6": 0,
        "7": 0,
        "8": 0,
        "9": 0,
        "10": 0,
        "11": 0,
        "12": 0,
        "13": 0,
        "14": 0,
        "15": 0
    },
    "1": {
        "0": 1,
        "1": 0.375,
        "2": 0.0625,
        "3": 0.00390625,
        "4": 0,
        "5": 0,
        "6": 0,
        "7": 0,
        "8": 0,
        "9": 0,
        "10": 0,
        "11": 0,
        "12": 0,
        "13": 0,
        "14": 0,
        "15": 0
    },
    "2": {
        "0": 1,
        "1": 0.84375,
        "2": 0.4140625,
        "3": 0.1181640625,
        "4": 0.0205078125,
        "5": 0.002197265625,
        "6": 0.0001373291015625,
        "7": 0.000003814697265625,
        "8": 0,
        "9": 0,
        "10": 0,
        "11": 0,
        "12": 0,
        "13": 0,
        "14": 0,
        "15": 0
    },
    "3": {
        "0": 1,
        "1": 0.98046875,
        "2": 0.783203125,
        "3": 0.42919921875,
        "4": 0.158203125,
        "5": 0.0403289794921875,
        "6": 0.007293701171875,
        "7": 0.0009450912475585938,
        "8": 0.00008678436279296875,
        "9": 0.000005424022674560547,
        "10": 2.086162567138672e-7,
        "11": 3.725290298461914e-9,
        "12": 0,
        "13": 0,
        "14": 0,
        "15": 0
    },
    "4": {
        "0": 1,
        "1": 0.9990234375,
        "2": 0.9501953125,
        "3": 0.7469482421875,
        "4": 0.438262939453125,
        "5": 0.18811416625976562,
        "6": 0.05993175506591797,
        "7": 0.014453411102294922,
        "8": 0.00267791748046875,
        "9": 0.00038395822048187256,
        "10": 0.000042535364627838135,
        "11": 0.0000035958364605903625,
        "12": 2.2561289370059967e-7,
        "13": 9.953510016202927e-9,
        "14": 2.764863893389702e-10,
        "15": 3.637978807091713e-12
    },
    "5": {
        "0": 1,
        "1": 1,
        "2": 0.99267578125,
        "3": 0.9219512939453125,
        "4": 0.721832275390625,
        "5": 0.44454193115234375,
        "6": 0.2114400863647461,
        "7": 0.07822608947753906,
        "8": 0.022829532623291016,
        "9": 0.005325436592102051,
        "10": 0.001002684235572815,
        "11": 0.00015321909449994564,
        "12": 0.000019017839804291725,
        "13": 0.00000190886203199625,
        "14": 1.5324621926993132e-7,
        "15": 9.646100807003677e-9
    },
    "6": {
        "0": 1,
        "1": 1,
        "2": 0.9993133544921875,
        "3": 0.9827957153320312,
        "4": 0.8973407745361328,
        "5": 0.7030892372131348,
        "6": 0.4492276906967163,
        "7": 0.23025676608085632,
        "8": 0.09495437145233154,
        "9": 0.031816959381103516,
        "10": 0.008756452007219195,
        "11": 0.0019978289492428303,
        "12": 0.00038050609873607755,
        "13": 0.00006075795681681484,
        "14": 0.000008145793799485546,
        "15": 9.155667157756398e-7
    },
    "7": {
        "0": 1,
        "1": 1,
        "2": 0.9999618530273438,
        "3": 0.9972410202026367,
        "4": 0.9712533950805664,
        "5": 0.8761005401611328,
        "6": 0.6884111762046814,
        "7": 0.45289720594882965,
        "8": 0.2458392083644867,
        "9": 0.11015264550223947,
        "10": 0.041022622608579695,
        "11": 0.012807802340830676,
        "12": 0.0033798291406128556,
        "13": 0.0007590239874843974,
        "14": 0.00014581886489395401,
        "15": 0.0000240471308643464
    },
    "8": {
        "0": 1,
        "1": 1,
        "2": 0.9999990463256836,
        "3": 0.9996771812438965,
        "4": 0.9937894344329834,
        "5": 0.9591665863990784,
        "6": 0.8576897904276848,
        "7": 0.6765140425413847,
        "8": 0.4558714893646538,
        "9": 0.25901321042329073,
        "10": 0.1239532242907444,
        "11": 0.05020149478514213,
        "12": 0.017324389186796907,
        "13": 0.005129953057121384,
        "14": 0.0013116338993768295,
        "15": 0.0002910901005748201
    },
    "9": {
        "0": 1,
        "1": 1,
        "2": 1,
        "3": 0.9999728798866272,
        "4": 0.9989533424377441,
        "5": 0.9892288446426392,
        "6": 0.9471372365951538,
        "7": 0.8416032432578504,
        "8": 0.6666181064210832,
        "9": 0.4583454733947292,
        "10": 0.2703384641208686,
        "11": 0.1365103334601372,
        "12": 0.05920539840735728,
        "13": 0.022173343986423788,
        "14": 0.007213380023131322,
        "15": 0.002049846306263703
    },
    "10": {
        "0": 1,
        "1": 1,
        "2": 1,
        "3": 0.9999984353780746,
        "4": 0.999861866235733,
        "5": 0.9977004900574684,
        "6": 0.9838641856331378,
        "7": 0.935473169607576,
        "8": 0.8274251807015389,
        "9": 0.6582188723550644,
        "10": 0.4604452819112339,
        "11": 0.28020885867795187,
        "12": 0.14797244981286894,
        "13": 0.06794813805788635,
        "14": 0.02724653502374963,
        "15": 0.009588266577683413
    },
    "11": {
        "0": 1,
        "1": 1,
        "2": 1,
        "3": 0.9999999441206455,
        "4": 0.9999857842922211,
        "5": 0.9995996637735516,
        "6": 0.9959131421055645,
        "7": 0.9779582564806333,
        "8": 0.9243206350220134,
        "9": 0.8148248917541423,
        "10": 0.6509735979057041,
        "11": 0.462256600523574,
        "12": 0.2889104260930253,
        "13": 0.1584730349271979,
        "14": 0.07638286972297692,
        "15": 0.032458460831194635
    },
    "12": {
        "0": 1,
        "1": 1,
        "2": 1,
        "3": 0.9999999990686774,
        "4": 0.9999988756608218,
        "5": 0.9999429584713653,
        "6": 0.9991342970461119,
        "7": 0.9936346460126515,
        "8": 0.9717165756137547,
        "9": 0.9137378743241698,
        "10": 0.8035408669366007,
        "11": 0.644640207041931,
        "12": 0.46383994823951724,
        "13": 0.29665642846630824,
        "14": 0.16812859210161912,
        "15": 0.08448761789703119
    },
    "13": {
        "0": 1,
        "1": 1,
        "2": 1,
        "3": 1,
        "4": 0.9999999336432666,
        "5": 0.9999933532672003,
        "6": 0.9998457772016991,
        "7": 0.9984345744269376,
        "8": 0.990930306039445,
        "9": 0.9652927299018756,
        "10": 0.9037355670134275,
        "11": 0.7933654667961889,
        "12": 0.6390422177747652,
        "13": 0.4652394455563087,
        "14": 0.3036094826271758,
        "15": 0.17703954020541712
    },
    "14": {
        "0": 1,
        "1": 1,
        "2": 1,
        "3": 1,
        "4": 0.9999999972351361,
        "5": 0.9999993702294887,
        "6": 0.9999768221596241,
        "7": 0.9996702195983289,
        "8": 0.9974883229367606,
        "9": 0.9878712032460726,
        "10": 0.9587986296502606,
        "11": 0.8942992141326584,
        "12": 0.7841324972486392,
        "13": 0.6340475316715872,
        "14": 0.4664881170821032,
        "15": 0.30989600606536
    },
    "15": {
        "0": 1,
        "1": 1,
        "2": 1,
        "3": 1,
        "4": 0.9999999999272404,
        "5": 0.9999999520605343,
        "6": 0.9999970599697008,
        "7": 0.999940233160487,
        "8": 0.9993959431344592,
        "9": 0.9962978229043387,
        "10": 0.9845256439402945,
        "11": 0.9523144107529875,
        "12": 0.8854016313893172,
        "13": 0.7757076812904596,
        "14": 0.6295550443414993,
        "15": 0.4676112389146252
    }
}
