{
    "0": {
        "0": 0,
        "1": 0,
        "2": 0,
        "3": 0,
        "4": 0,
        "5": 0,
        "6": 0,
        "7": 0,
        "8": 0,
        "9": 0,
        "10": 0,
        "11": 0,
        "12": 0,
        "13": 0,
        "14": 0,
        "15": 0
    },
    "1": {
        "0": 1,
        "1": 0.4375,
        "2": 0.109375,
        "3": 0.01708984375,
        "4": 0.001708984375,
        "5": 0.0001068115234375,
        "6": 0.000003814697265625,
        "7": 5.960464477539063e-8,
        "8": 0,
        "9": 0,
        "10": 0,
        "11": 0,
        "12": 0,
        "13": 0,
        "14": 0,
        "15": 0
    },
    "2": {
        "0": 1,
        "1": 0.8359375,
        "2": 0.4580078125,
        "3": 0.16961669921875,
        "4": 0.0452880859375,
        "5": 0.009153366088867188,
        "6": 0.001444697380065918,
        "7": 0.00018105655908584595,
        "8": 0.000018112361431121826,
        "9": 0.0000014407560229301453,
        "10": 9.004725143313408e-8,
        "11": 4.329194780439138e-9,
        "12": 1.546140993013978e-10,
        "13": 3.865352482534945e-12,
        "14": 6.039613253960852e-14,
        "15": 4.440892098500626e-16
    },
    "3": {
        "0": 1,
        "1": 0.96923828125,
        "2": 0.7769775390625,
        "3": 0.4653778076171875,
        "4": 0.20864105224609375,
        "5": 0.07232850790023804,
        "6": 0.02002216875553131,
        "7": 0.004539452493190765,
        "8": 0.0008586905896663666,
        "9": 0.00013729633064940572,
        "10": 0.000018715974874794483,
        "11": 0.000002186166057072114,
        "12": 2.1924279280938208e-7,
        "13": 1.8862376549577675e-8,
        "14": 1.387443049338799e-9,
        "15": 8.672268458909116e-11
    },
    "4": {
        "0": 1,
        "1": 0.99615478515625,
        "2": 0.933990478515625,
        "3": 0.7414379119873047,
        "4": 0.4698202610015869,
        "5": 0.2365337535738945,
        "6": 0.09627289697527885,
        "7": 0.03235948970541358,
        "8": 0.00915564433671534,
        "9": 0.0022149764772620983,
        "10": 0.00046388807913899655,
        "11": 0.00008491247854180983,
        "12": 0.000013683059698621491,
        "13": 0.000001951405286693131,
        "14": 2.472026864874799e-7,
        "15": 2.7878724995211712e-8
    },
    "5": {
        "0": 1,
        "1": 0.9996795654296875,
        "2": 0.9852256774902344,
        "3": 0.903438150882721,
        "4": 0.716808944940567,
        "5": 0.4728988818824291,
        "6": 0.2577262157574296,
        "7": 0.11715271303546615,
        "8": 0.04506287840195,
        "9": 0.014880276850817609,
        "10": 0.004272278918506345,
        "11": 0.0010780238907912576,
        "12": 0.00024119198596395108,
        "13": 0.000048194001142864984,
        "14": 0.00000865044220405009,
        "15": 0.0000014011989890247434
    },
    "6": {
        "0": 1,
        "1": 0.9999828338623047,
        "2": 0.9974132776260376,
        "3": 0.9712601080536842,
        "4": 0.8777528703212738,
        "5": 0.6984423152171075,
        "6": 0.47519471059786156,
        "7": 0.27452390469625243,
        "8": 0.1353808150270197,
        "9": 0.05756425527238207,
        "10": 0.021336459156255927,
        "11": 0.0069653046648032735,
        "12": 0.002021012811104783,
        "13": 0.0005253165147971195,
        "14": 0.0001231377802540616,
        "15": 0.000026176746882160002
    },
    "7": {
        "0": 1,
        "1": 0.999999463558197,
        "2": 0.9996384233236313,
        "3": 0.9930029734969139,
        "4": 0.9564810264855623,
        "5": 0.8560713816841599,
        "6": 0.6840678337684949,
        "7": 0.47699152077893814,
        "8": 0.28825845778919756,
        "9": 0.15139141085527186,
        "10": 0.06958772765634968,
        "11": 0.028231406477124688,
        "12": 0.010193740276048524,
        "13": 0.0033013193358199695,
        "14": 0.000965561589924474,
        "15": 0.00025657993020911915
    },
    "8": {
        "0": 1,
        "1": 0.9999999925494194,
        "2": 0.9999592565000057,
        "3": 0.9985789707861841,
        "4": 0.986977048101835,
        "5": 0.9419209014558874,
        "6": 0.8375635842039628,
        "7": 0.6724221540879398,
        "8": 0.4784472307390075,
        "9": 0.2997586376534209,
        "10": 0.16555919817179082,
        "11": 0.08101289819451518,
        "12": 0.03535193946092798,
        "13": 0.01385149817620735,
        "14": 0.004905037396617367,
        "15": 0.0015792539104685862
    },
    "9": {
        "0": 1,
        "1": 1,
        "2": 0.9999962951987982,
        "3": 0.9997558304457925,
        "4": 0.9966710891749244,
        "5": 0.9799029772020731,
        "6": 0.9280252706989813,
        "7": 0.8215731230837058,
        "8": 0.6627388181187399,
        "9": 0.4796576477351575,
        "10": 0.30957034148493606,
        "11": 0.17819029657128962,
        "12": 0.09180146684957943,
        "13": 0.042547847146139656,
        "14": 0.017840391215222108,
        "15": 0.006805180194595527
    },
    "10": {
        "0": 1,
        "1": 1,
        "2": 0.9999997298582457,
        "3": 0.9999641557515133,
        "4": 0.9992637203922641,
        "5": 0.9939597214261084,
        "6": 0.9722230437564328,
        "7": 0.9149604655171872,
        "8": 0.8076009139318832,
        "9": 0.6545223383066838,
        "10": 0.4806847077116645,
        "11": 0.31806955411271104,
        "12": 0.1895309859294025,
        "13": 0.10195790112415208,
        "14": 0.04971553257147462,
        "15": 0.02207527003955642
    },
    "11": {
        "0": 1,
        "1": 1,
        "2": 0.9999999844148988,
        "3": 0.9999954762852212,
        "4": 0.9998576669759132,
        "5": 0.9984057328724063,
        "6": 0.990566921331614,
        "7": 0.9642492623993799,
        "8": 0.9027610442340885,
        "9": 0.7952682802138323,
        "10": 0.6474363223966019,
        "11": 0.4815704597004248,
        "12": 0.3255247278132638,
        "13": 0.19977921858354863,
        "14": 0.11150818062226331,
        "15": 0.05678492886568891
    },
    "12": {
        "0": 1,
        "1": 1,
        "2": 0.9999999993042366,
        "3": 0.9999995075734205,
        "4": 0.9999757644338061,
        "5": 0.9996270844734614,
        "6": 0.9971549385466121,
        "7": 0.9866329665959843,
        "8": 0.9561923274402596,
        "9": 0.891400705148977,
        "10": 0.7842852316628864,
        "11": 0.6412433107663222,
        "12": 0.4823445861542097,
        "13": 0.3321333072329388,
        "14": 0.20909489375258794,
        "15": 0.12048822378008593
    },
    "13": {
        "0": 1,
        "1": 1,
        "2": 0.9999999999768079,
        "3": 0.9999999537351734,
        "4": 0.9999963439953543,
        "5": 0.9999221140011924,
        "6": 0.9992317926336658,
        "7": 0.9955204890504658,
        "8": 0.9822894482598684,
        "9": 0.9481907884651793,
        "10": 0.8808268770765252,
        "11": 0.7744268308052278,
        "12": 0.6357702656471315,
        "13": 0.4830287167941086,
        "14": 0.33804416608696747,
        "15": 0.21760812982727348
    },
    "14": {
        "0": 1,
        "1": 1,
        "2": 0.9999999999994564,
        "3": 0.9999999962548278,
        "4": 0.9999995093397992,
        "5": 0.9999853866401782,
        "6": 0.999813024325374,
        "7": 0.9986451454524263,
        "8": 0.9935328821498034,
        "9": 0.977649517622785,
        "10": 0.9403335400851582,
        "11": 0.8709777245441483,
        "12": 0.7655162272752761,
        "13": 0.6308877159043594,
        "14": 0.4836390355119551,
        "15": 0.3433719525285043
    },
    "15": {
        "0": 1,
        "1": 1,
        "2": 0.999999999999992,
        "3": 0.9999999997398479,
        "4": 0.9999999412534581,
        "5": 0.9999975248390532,
        "6": 0.9999587404257044,
        "7": 0.9996278823178373,
        "8": 0.9978541311252246,
        "9": 0.9912330045128487,
        "10": 0.9728061628249032,