{
    "0": {
        "0": 0,
        "1": 0,
        "2": 0,
        "3": 0,
        "4": 0,
        "5": 0,
        "6": 0,
        "7": 0,
        "8": 0,
        "9": 0,
        "10": 0,
        "11": 0,
        "12": 0,
        "13": 0,
        "14": 0,
        "15": 0
    },
    "1": {
        "0": 1,
        "1": 0.45,
        "2": 0.12,
        "3": 0.021,
        "4": 0.00252,
        "5": 0.00021,
        "6": 0.000012,
        "7": 4.5e-7,
        "8": 1e-8,
        "9": 1e-10,
        "10": 0,
        "11": 0,
        "12": 0,
        "13": 0,
        "14": 0,
        "15": 0
    },
    "2": {
        "0": 1,
        "1": 0.835,
        "2": 0.4665,
        "3": 0.18039,
        "4": 0.051492,
        "5": 0.011397,
        "6": 0.0020217,
        "7": 0.000293435,
        "8": 0.0000352606,
        "9": 0.00000352705,
        "10": 2.9393e-7,
        "11": 2.0349e-8,
        "12": 1.1628e-9,
        "13": 5.4264e-11,
        "14": 2.0349e-12,
        "15": 5.985e-14
    },
    "3": {
        "0": 1,
        "1": 0.967,
        "2": 0.77626,
        "3": 0.472374,
        "4": 0.218868,
        "5": 0.07974,
        "6": 0.02357994,
        "7": 0.005804875,
        "8": 0.00121265388,
        "9": 0.000218033154,
        "10": 0.000034090714,
        "11": 0.0000046695882,
        "12": 5.6316456e-7,
        "13": 5.99886582e-8,
        "14": 5.65275042e-9,
        "15": 4.7130393e-10
    },
    "4": {
        "0": 1,
        "1": 0.99538,
        "2": 0.930931,
        "3": 0.7408015,
        "4": 0.47591985,
        "5": 0.246176875,
        "6": 0.1043173033,
        "7": 0.03697451849,
        "8": 0.011170104712,
        "9": 0.002921492131,
        "10": 0.0006698999585,
        "11": 0.000136026764866,
        "12": 0.0000246542718298,
        "13": 0.0000040134972468,
        "14": 5.89695346743e-7,
        "15": 7.84916571255e-8
    },
    "5": {
        "0": 1,
        "1": 0.999538,
        "2": 0.9835,
        "3": 0.9000232,
        "4": 0.71622882,
        "5": 0.478377118,
        "6": 0.26683755388,
        "7": 0.125515194779,
        "8": 0.050494310467,
        "9": 0.01761947438335,
        "10": 0.00539993507456,
        "11": 0.0014691550272571,
        "12": 0.00035802479297578,
        "13": 0.000078731892301707,
        "14": 0.00001571994547611,
        "15": 0.00000286431042596145
    },
    "6": {
        "0": 1,
        "1": 0.999967,
        "2": 0.9968419,
        "3": 0.96876187,
        "4": 0.8741888222,
        "5": 0.6979058521,
        "6": 0.48020941479,
        "7": 0.2831664407005,
        "8": 0.1438816123827,
        "9": 0.063616919337603,
        "10": 0.02473832446696,
        "11": 0.00854610669374115,
        "12": 0.00264645337752867,
        "13": 0.0007403644292374995,
        "14": 0.00018837431168966127,
        "15": 0.00004384079974914938
    },
    "7": {
        "0": 1,
        "1": 0.99999835,
        "2": 0.99950456,
        "3": 0.991886675,
        "4": 0.95340508368,
        "5": 0.852460541465,
        "6": 0.683566563674,
        "7": 0.4816433436326,
        "8": 0.29648971194232,
        "9": 0.1599244864911292,
        "10": 0.076110249404492,
        "11": 0.03222139626084682,
        "12": 0.012233508361340656,
        "13": 0.00419698889997456,
        "14": 0.001309908689284476,
        "15": 0.0003741541528182117
    },
    "8": {
        "0": 1,
        "1": 0.999999945,
        "2": 0.9999354014,
        "3": 0.99821331848,
        "4": 0.985311111591,
        "5": 0.938423058896,
        "6": 0.83395943765765,
        "7": 0.671950009928655,
        "8": 0.4828049990071345,
        "9": 0.30762778058439644,
        "10": 0.17406063392152613,
        "11": 0.08788932655122833,
        "12": 0.03985533589635555,
        "13": 0.016339082414188123,
        "14": 0.006094245735957806,
        "15": 0.0020802087298022616
    },
    "9": {
        "0": 1,
        "1": 0.9999999989,
        "2": 0.999992947,
        "3": 0.999661406758,
        "4": 0.995995356722,
        "5": 0.97773155889775,
        "6": 0.924221763534352,
        "7": 0.8180043659612036,
        "8": 0.6622912829187697,
        "9": 0.483770871708123,
        "10": 0.3171186742523652,
        "11": 0.18662119309335568,
        "12": 0.09894303434618157,
        "13": 0.04749519887732,
        "14": 0.02075450158667343,
        "15": 0.008300603793997741
    },
    "10": {
        "0": 1,
        "1": 0.99999999999,
        "2": 0.999999353366,
        "3": 0.999944170634,
        "4": 0.999043533765,
        "5": 0.992933764110605,
        "6": 0.9696066071882192,
        "7": 0.9109366412275731,
        "8": 0.804082923897277,
        "9": 0.6540959461870949,
        "10": 0.4845904053812905,
        "11": 0.32533171460195753,
        "12": 0.19786778523799492,
        "13": 0.10929636145859686,
        "14": 0.05504465153113295,
        "15": 0.025389154212720574
    },
    "11": {
        "0": 1,
        "1": 1,
        "2": 0.999999950258,
        "3": 0.9999919263146,
        "4": 0.999797790607824,
        "5": 0.9980110724045044,
        "6": 0.9891789536191123,
        "7": 0.9612496834367927,
        "8": 0.8985796417129398,
        "9": 0.7918089753101138,
        "10": 0.647028347328902,
        "11": 0.4852971652671098,
        "12": 0.3325298969286925,
        "13": 0.2080080101566195,
        "14": 0.11899074539635629,
        "15": 0.06244122573351174
    },
    "12": {
        "0": 1,
        "1": 1,
        "2": 0.9999999968023,
        "3": 0.99999897019639,
        "4": 0.9999618460320446,
        "5": 0.999498875101094,
        "6": 0.9965490484429878,
        "7": 0.9848894471682759,
        "8": 0.952866786731694,
        "9": 0.8871081676713135,
        "10": 0.7808882265346779,
        "11": 0.6408515638911289,
        "12": 0.48591484361088716,
        "13": 0.338906236005165,
        "14": 0.21720795164074208,
        "15": 0.1280737951094123
    },
    "13": {
        "0": 1,
        "1": 1,
        "2": 0.999999999829456,
        "3": 0.9999998837119402,
        "4": 0.9999935327043762,
        "5": 0.9998861123579631,
        "6": 0.9990063789972133,
        "7": 0.9946790223641699,
        "8": 0.9802074817597594,
        "9": 0.9445897495120859,
        "10": 0.8764578850663951,
        "11": 0.7710932116438718,
        "12": 0.6353929584693591,
        "13": 0.4864607041530641,
        "14": 0.3446060060292767,
        "15": 0.22560174683130627
    },
    "14": {
        "0": 1,
        "1": 1,
        "2": 0.9999999999925387,
        "3": 0.99999998834913,
        "4": 0.9999990101200156,
        "5": 0.9999765058532921,
        "6": 0.9997399386600574,
        "7": 0.9982963985547124,
        "8": 0.9924422061671521,
        "9": 0.9752517579088794,
        "10": 0.9365005365321195,
        "11": 0.8665583999347697,
        "12": 0.7622455847652644,
        "13": 0.6305233650788904,
        "14": 0.48694766349211094,
        "15": 0.34974091524559514
    },
    "15": {
        "0": 1,
        "1": 1,
        "2": 0.9999999999997367,
        "3": 0.9999999989634474,
        "4": 0.9999998626424635,
        "5": 0.9999955774307802,
        "6": 0.9999377640260039,
        "7": 0.999501078575653,
        "8": 0.9973602588390368,
        "9": 0.9898879201634312,
        "10": 0.9701175886178229,
        "11": 0.9286479408650703,
        "12": 0.8573406156400064,
        "13": 0.7542035910017655,
        "14": 0.6261439593050173,
        "15": 0.4873856040694982
    }
}
