{
    "0": {
        "0": 0,
        "1": 0,
        "2": 0,
        "3": 0,
        "4": 0,
        "5": 0,
        "6": 0,
        "7": 0,
        "8": 0,
        "9": 0,
        "10": 0,
        "11": 0,
        "12": 0,
        "13": 0,
        "14": 0,
        "15": 0
    },
    "1": {
        "0": 1,
        "1": 0.4166666666666667,
        "2": 0.09259259259259259,
        "3": 0.011574074074074073,
        "4": 0.0007716049382716049,
        "5": 0.00002143347050754458,
        "6": 0,
        "7": 0,
        "8": 0,
        "9": 0,
        "10": 0,
        "11": 0,
        "12": 0,
        "13": 0,
        "14": 0,
        "15": 0
    },
    "2": {
        "0": 1,
        "1": 0.8379629629629629,
        "2": 0.44367283950617287,
        "3": 0.15200617283950618,
        "4": 0.03587962962962963,
        "5": 0.006104966849565615,
        "6": 0.0007662465706447188,
        "7": 0.00007094875654117767,
        "8": 0.000004729917102745178,
        "9": 2.1499623194296262e-7,
        "10": 5.972117553971184e-9,
        "11": 7.656560966629723e-11,
        "12": 0,
        "13": 0,
        "14": 0,
        "15": 0
    },
    "3": {
        "0": 1,
        "1": 0.9729938271604939,
        "2": 0.7785493827160493,
        "3": 0.45357510288065844,
        "4": 0.19170096021947874,
        "5": 0.060712686709343086,
        "6": 0.014878599235380785,
        "7": 0.0028899793497773035,
        "8": 0.0004519220795441074,
        "9": 0.000057368161223447194,
        "10": 0.000005921431120372096,
        "11": 4.944351853550588e-7,
        "12": 3.297425589628534e-8,
        "13": 1.7174091612648615e-9,
        "14": 6.734937887313182e-11,
        "15": 1.8708160798092172e-12
    },
    "4": {
        "0": 1,
        "1": 0.9972993827160493,
        "2": 0.9392361111111112,
        "3": 0.7428305041152263,
        "4": 0.45952824931412894,
        "5": 0.22044235110882487,
        "6": 0.08342283791850835,
        "7": 0.025449748963784314,
        "8": 0.006379475692327559,
        "9": 0.001333858673869724,
        "10": 0.00023520629885645427,
        "11": 0.00003524145930551648,
        "12": 0.000004506138157326744,
        "13": 4.923913089414668e-7,
        "14": 4.5912632822637906e-8,
        "15": 3.636743379143868e-9
    },
    "5": {
        "0": 1,
        "1": 0.9998499657064472,
        "2": 0.9879401005944216,
        "3": 0.9093471364883402,
        "4": 0.718078417924097,
        "5": 0.4636535970126505,
        "6": 0.2424491007997595,
        "7": 0.10362598605724813,
        "8": 0.03674186681137542,
        "9": 0.010966730008721766,
        "10": 0.00279089082605081,
        "11": 0.0006118749026536898,
        "12": 0.00011651008815051863,
        "13": 0.000019386229667546666,
        "14": 0.0000028308397269079303,
        "15": 3.637307988154621e-7
    },
    "6": {
        "0": 1,
        "1": 0.9999964277549154,
        "2": 0.9982168543286084,
        "3": 0.9752998105916273,
        "4": 0.8839534684647496,
        "5": 0.6996163882873404,
        "6": 0.4667306019521099,
        "7": 0.2599838224400831,
        "8": 0.12150696571375828,
        "9": 0.04813826644508996,
        "10": 0.01634994659516625,
        "11": 0.004811051834880826,
        "12": 0.0012377156785957158,
        "13": 0.0002805248856152781,
        "14": 0.00005636268488037693,
        "15": 0.00001008849440416975
    },
    "7": {
        "0": 1,
        "1": 1,
        "2": 0.9998013434816847,
        "3": 0.9946633635307118,
        "4": 0.9615358841280123,
        "5": 0.8623765164547899,
        "6": 0.685164991158767,
        "7": 0.4691391681402055,
        "8": 0.2743755310100667,
        "9": 0.13737118540003013,
        "10": 0.05930379717707236,
        "11": 0.02226879550648073,
        "12": 0.007336421342189422,
        "13": 0.0021372550715092653,
        "14": 0.0005543645169463047,
        "15": 0.0001287794838635485
    },
    "8": {
        "0": 1,
        "1": 1,
        "2": 0.9999834452901404,
        "3": 0.9990691738138029,
        "4": 0.9895340371780745,
        "5": 0.9477314626494041,
        "6": 0.8438738201046605,
        "7": 0.673455637615789,
        "8": 0.47109072706403515,
        "9": 0.286460711426077,
        "10": 0.1515177632997803,
        "11": 0.0700656537382591,
        "12": 0.028519483637023113,
        "13": 0.010290916382672662,
        "14": 0.0033140877372532613,
        "15": 0.000958330520745296
    },
    "9": {
        "0": 1,
        "1": 1,
        "2": 0.999998996684251,
        "3": 0.9998674787114774,
        "4": 0.9976249822588295,
        "5": 0.9833054618129108,
        "6": 0.9343929956337985,
        "7": 0.8278340601593257,
        "8": 0.6637184907033629,
        "9": 0.4727135848827729,
        "10": 0.29679486168508745,
        "11": 0.16420687059978012,
        "12": 0.08034324279940815,
        "13": 0.03494959286318413,
        "14": 0.013596047412879795,
        "15": 0.0047573122900017445
    },
    "10": {
        "0": 1,
        "1": 1,
        "2": 0.9999999581951772,
        "3": 0.9999845241761462,
        "4": 0.9995450632261409,
        "5": 0.9954571436348054,
        "6": 0.9763841517248512,
        "7": 0.9217369799687808,
        "8": 0.8137826214677434,
        "9": 0.6554557705898265,
        "10": 0.4740907049016956,
        "11": 0.3057629634767643,
        "12": 0.17565599110486954,
        "13": 0.09010800602228661,
        "14": 0.04144800325586392,
        "15": 0.017178717199420886
    },
    "11": {
        "0": 1,
        "1": 1,
        "2": 0.9999999989280814,
        "3": 0.9999985188382811,
        "4": 0.9999258043511716,
        "5": 0.9989353425678092,
        "6": 0.99264139997129,
        "7": 0.9690736716354589,
        "8": 0.9098357737725343,
        "9": 0.8013546901572829,
        "10": 0.6483294706800726,
        "11": 0.47527842155332123,
        "12": 0.3136412420932614,
        "13": 0.18604456969354405,
        "14": 0.09936041339688732,
        "15": 0.047935118849945654
    },
    "12": {
        "0": 1,
        "1": 1,
        "2": 0.9999999999872391,
        "3": 0.9999998846220067,
        "4": 0.9999896395149573,
        "5": 0.9997832375089143,
        "6": 0.9979965694307718,
        "7": 0.9892860178349352,
        "8": 0.9615885711007779,
        "9": 0.8986908502504988,
        "10": 0.79026837327392,
        "11": 0.6421009587688651,
        "12": 0.47631650687185584,
        "13": 0.3206336659009681,
        "14": 0.19552036565748415,
        "15": 0.10811670357988502
    },
    "13": {
        "0": 1,
        "1": 1,
        "2": 1,
        "3": 0.9999999927868816,
        "4": 0.9999987577878513,
        "5": 0.9999614024576655,
        "6": 0.9995196220916746,
        "7": 0.9967200710228468,
        "8": 0.9855024911740157,
        "9": 0.9540761181412452,
        "10": 0.8882699757700275,
        "11": 0.7803035606625744,
        "12": 0.6365963228432935,
        "13": 0.47723394619278436,
        "14": 0.326894532080878,
        "15": 0.20420540638737156
    },
    "14": {
        "0": 1,
        "1": 1,
        "2": 1,
        "3": 0.9999999996464157,
        "4": 0.9999998720810798,
        "5": 0.9999939594418152,
        "6": 0.9998978899272145,
        "7": 0.999106444649933,
        "8": 0.9951196854239792,
        "9": 0.9813924062059263,
        "10": 0.9466352613727672,
        "11": 0.8785262814253941,
        "12": 0.7712863097881222,
        "13": 0.6316854252556376,
        "14": 0.47805242912406043,
        "15": 0.33254299310145036
    },
    "15": {
        "0": 1,
        "1": 1,
        "2": 1,
        "3": 0.9999999999869043,
        "4": 0.9999999887133337,
        "5": 0.9999991663436911,
        "6": 0.9999806566675006,
        "7": 0.9997820503187287,
        "8": 0.9985256464699244,
        "9": 0.9932224053961974,
        "10": 0.9770428813585689,
        "11": 0.9393309986908116,
        "12": 0.8694080690287324,
        "13": 0.7630774934276934,
        "14": 0.6272686864732574,