{
    "0": {
        "0": 0.4431644408032298,
        "1": 0.13308146223425865,
        "2": 0.07647140324115753,
        "3": 0.05371328443288803,
        "4": 0.04119466617703438,
        "5": 0.03336689621210098,
        "6": 0.027965359389781952,
        "7": 0.024397730827331543,
        "8": 0.020664621144533157,
        "9": 0.01858321949839592,
        "10": 0.01671764627099037,
        "11": 0.015166569501161575,
        "12": 0.01384531706571579,
        "13": 0.012839701026678085,
        "14": 0.012071002274751663,
        "15": 0.012067139148712158
    },
    "1": {
        "0": 0.8260892853140831,
        "1": 0.4804674983024597,
        "2": 0.2881069779396057,
        "3": 0.2030860185623169,
        "4": 0.15682685375213623,
        "5": 0.1276153326034546,
        "6": 0.10747039318084717,
        "7": 0.09293133020401001,
        "8": 0.08149170875549316,
        "9": 0.07273459434509277,
        "10": 0.06558018922805786,
        "11": 0.05973094701766968,
        "12": 0.05478048324584961,
        "13": 0.050596535205841064,
        "14": 0.047023653984069824,
        "15": 0.0446510910987854
    },
    "2": {
        "0": 0.900066502392292,
        "1": 0.6862978339195251,
        "2": 0.48805564641952515,
        "3": 0.34871363639831543,
        "4": 0.26958543062210083,
        "5": 0.21962398290634155,
        "6": 0.18517297506332397,
        "7": 0.16013288497924805,
        "8": 0.14086145162582397,
        "9": 0.12574005126953125,
        "10": 0.11351346969604492,
        "11": 0.10346400737762451,
        "12": 0.0950213074684143,
        "13": 0.08783012628555298,
        "14": 0.08164852857589722,
        "15": 0.07685315608978271
    },
    "3": {
        "0": 0.9297988936305046,
        "1": 0.7788456678390503,
        "2": 0.6331865787506104,
        "3": 0.49137598276138306,
        "4": 0.3823845386505127,
        "5": 0.31164830923080444,
        "6": 0.2629392147064209,
        "7": 0.2274022102355957,
        "8": 0.20023822784423828,
        "9": 0.17880785465240479,
        "10": 0.16149675846099854,
        "11": 0.14724808931350708,
        "12": 0.13529860973358154,
        "13": 0.12510550022125244,
        "14": 0.11633837223052979,
        "15": 0.10919839143753052
    },
    "4": {
        "0": 0.9461653754115105,
        "1": 0.8292042016983032,
        "2": 0.7164113521575928,
        "3": 0.6036022901535034,
        "4": 0.49324536323547363,
        "5": 0.40358054637908936,
        "6": 0.3406292796134949,
        "7": 0.2946445941925049,
        "8": 0.259555459022522,
        "9": 0.23182427883148193,
        "10": 0.20942646265029907,
        "11": 0.19100338220596313,
        "12": 0.17553621530532837,
        "13": 0.16234421730041504,
        "14": 0.15100765228271484,
        "15": 0.14156955480575562
    },
    "5": {
        "0": 0.9563980363309383,
        "1": 0.861000120639801,
        "2": 0.7689573764801025,
        "3": 0.6769254207611084,
        "4": 0.5849800109863281,
        "5": 0.49444830417633057,
        "6": 0.41842734813690186,
        "7": 0.3619927763938904,
        "8": 0.31892967224121094,
        "9": 0.2849292755126953,
        "10": 0.2574548125267029,
        "11": 0.2348189353942871,
        "12": 0.21583735942840576,
        "13": 0.1996428370475769,
        "14": 0.18572592735290527,
        "15": 0.1739981770515442
    },
    "6": {
        "0": 0.9634474813938141,
        "1": 0.882928729057312,
        "2": 0.8051906228065491,
        "3": 0.7274095416069031,
        "4": 0.6497107744216919,
        "5": 0.5719092488288879,
        "6": 0.49528223276138306,
        "7": 0.4292740225791931,
        "8": 0.3782657980918884,
        "9": 0.33796799182891846,
        "10": 0.305433988571167,
        "11": 0.2786099314689636,
        "12": 0.2561066746711731,
        "13": 0.23691463470458984,
        "14": 0.22041702270507812,
        "15": 0.2064201831817627
    },
    "7": {
        "0": 0.9680923521518707,
        "1": 0.8987710475921631,
        "2": 0.831531822681427,
        "3": 0.7642501592636108,
        "4": 0.6969984769821167,
        "5": 0.6296466588973999,
        "6": 0.5623627305030823,
        "7": 0.49590641260147095,
        "8": 0.4376301169395447,
        "9": 0.3910428285598755,
        "10": 0.3534419536590576,
        "11": 0.32241570949554443,
        "12": 0.2963988780975342,
        "13": 0.2742123007774353,
        "14": 0.2551293969154358,
        "15": 0.2388564944267273
    },
    "8": {
        "0": 0.9730069451034069,
        "1": 0.9111945033073425,
        "2": 0.8517900109291077,
        "3": 0.7923990488052368,
        "4": 0.733074426651001,
        "5": 0.6736943125724792,
        "6": 0.6143577098846436,
        "7": 0.5549944043159485,
        "8": 0.49637526273727417,
        "9": 0.4440063238143921,
        "10": 0.4013465642929077,
        "11": 0.3661320209503174,
        "12": 0.3366050124168396,
        "13": 0.3114284873008728,
        "14": 0.2897716164588928,
        "15": 0.27124863862991333
    },
    "9": {
        "0": 0.9757251292467117,
        "1": 0.9207392334938049,
        "2": 0.86769700050354,
        "3": 0.8146157264709473,
        "4": 0.7615872025489807,
        "5": 0.7084786295890808,
        "6": 0.6554383039474487,
        "7": 0.6023658514022827,
        "8": 0.5493913888931274,
        "9": 0.4967469573020935,
        "10": 0.44941526651382446,
        "11": 0.41000211238861084,
        "12": 0.3769550919532776,
        "13": 0.3487784266471863,
        "14": 0.32453447580337524,
        "15": 0.30375391244888306
    },
    "10": {
        "0": 0.9781468026340008,
        "1": 0.9285290241241455,
        "2": 0.8805574774742126,
        "3": 0.8325614333152771,
        "4": 0.7846207022666931,
        "5": 0.7365872263908386,
        "6": 0.688605546951294,
        "7": 0.6405946612358093,
        "8": 0.5926858186721802,
        "9": 0.5446138978004456,
        "10": 0.49704188108444214,
        "11": 0.45378851890563965,
        "12": 0.4172232747077942,
        "13": 0.38605278730392456,
        "14": 0.35922735929489136,
        "15": 0.3361924886703491
    },
    "11": {
        "0": 0.9801692441105843,
        "1": 0.9348984956741333,
        "2": 0.8911290764808655,
        "3": 0.8473291993141174,
        "4": 0.8035686612129211,
        "5": 0.7597433924674988,
        "6": 0.7159507870674133,
        "7": 0.6721450090408325,
        "8": 0.6284220218658447,
        "9": 0.5845542550086975,
        "10": 0.540769636631012,
        "11": 0.4972947835922241,
        "12": 0.45750999450683594,
        "13": 0.4233435392379761,
        "14": 0.39393889904022217,
        "15": 0.368651807308197
    },
    "12": {
        "0": 0.9818784557282925,
        "1": 0.9402855038642883,
        "2": 0.9000102877616882,
        "3": 0.8597185015678406,
        "4": 0.8194712400436401,
        "5": 0.779167115688324,
        "6": 0.7388885617256165,
        "7": 0.6986010074615479,
        "8": 0.6583893299102783,
        "9": 0.6180402636528015,
        "10": 0.5777706503868103,
        "11": 0.5374850630760193,
        "12": 0.4975101947784424,
        "13": 0.46059906482696533,
        "14": 0.4286190867424011,
        "15": 0.40107810497283936
    },
    "13": {
        "0": 0.9831843189895153,
        "1": 0.9448465704917908,
        "2": 0.9075745344161987,
        "3": 0.8702836632728577,
        "4": 0.8330406546592712,
        "5": 0.7957350015640259,
        "6": 0.758454442024231,
        "7": 0.7211576104164124,
        "8": 0.6839419603347778,
        "9": 0.6465902924537659,
        "10": 0.6093101501464844,
        "11": 0.5720210671424866,
        "12": 0.5347663164138794,
        "13": 0.497697114944458,
        "14": 0.4633494019508362,
        "15": 0.43355119228363037
    },
    "14": {
        "0": 0.9841896183788776,
        "1": 0.9487389326095581,
        "2": 0.9140782356262207,
        "3": 0.8793730735778809,
        "4": 0.8446961641311646,